[
    {
        "model": "goods.products",
        "pk": 1,
        "fields": {
            "name": "Чайный столик и три стула",
            "slug": "chajnyj-stolik-i-tri-stula",
            "description": "Комплект из трёх стульев и дизайнерский столик для гостинной комнаты.",
            "image": "goods_images/set_of_tea_table_and_three_chairs.jpg",
            "price": "150.00",
            "discount": "10.00",
            "quantity": 10,
            "category": 7
        }
    },
    {
        "model": "goods.products",
        "pk": 2,
        "fields": {
            "name": "Чайный столик и два стула",
            "slug": "chajnyj-stolik-i-dva-stula",
            "description": "Набор из стола и двух стульев в минималистическом стиле.",
            "image": "goods_images/set_of_tea_table_and_two_chairs.jpg",
            "price": "93.00",
            "discount": "2.50",
            "quantity": 7,
            "category": 7
        }
    },
    {
        "model": "goods.products",
        "pk": 3,
        "fields": {
            "name": "Двухспальная кровать",
            "slug": "dvuhspalnaya-krovat",
            "description": "Кровать двухспальная с надголовником и вообще очень ортопедичная.",
            "image": "goods_images/double_bed.jpg",
            "price": "670.00",
            "discount": "0.00",
            "quantity": 5,
            "category": 8
        }
    },
    {
        "model": "goods.products",
        "pk": 4,
        "fields": {
            "name": "Кухонный стол с раковиной",
            "slug": "kuhonnyj-stol-s-rakovinoj",
            "description": "Кухонный стол для обеда с встроенной раковиной и стульями.",
            "image": "goods_images/kitchen_table.jpg",
            "price": "365.00",
            "discount": "0.00",
            "quantity": 11,
            "category": 7
        }
    },
    {
        "model": "goods.products",
        "pk": 5,
        "fields": {
            "name": "Кухонный стол с встройкой",
            "slug": "kuhonnyj-stol-s-vstrojkoj",
            "description": "Кухонный стол со встроенной плитой и раковиной. Много полок и вообще красивый.",
            "image": "goods_images/kitchen_table_2.jpg",
            "price": "430.00",
            "discount": "5.00",
            "quantity": 8,
            "category": 7
        }
    },
    {
        "model": "goods.products",
        "pk": 6,
        "fields": {
            "name": "Угловой диван для гостинной",
            "slug": "uglovoj-divan-dlya-gostinnoj",
            "description": "Угловой диван, раскладывается в двухспальную кровать, для гостинной и приема гостей самое то!",
            "image": "goods_images/corner_sofa.jpg",
            "price": "610.00",
            "discount": "2.00",
            "quantity": 8,
            "category": 9
        }
    },
    {
        "model": "goods.products",
        "pk": 7,
        "fields": {
            "name": "Прикроватный столик",
            "slug": "prikrovatnyj-stolik",
            "description": "Прикроватный столик с двумя выдвижными ящиками (цветок не входит в комплект).",
            "image": "goods_images/bedside_table.jpg",
            "price": "55.00",
            "discount": "0.00",
            "quantity": 6,
            "category": 8
        }
    },
    {
        "model": "goods.products",
        "pk": 8,
        "fields": {
            "name": "Диван обыкновенный",
            "slug": "divan-obyknovennyj",
            "description": "Диван, он же софа обыкновенная, ничего примечательного для описания.",
            "image": "goods_images/sofa.jpg",
            "price": "190.00",
            "discount": "5.00",
            "quantity": 5,
            "category": 9
        }
    },
    {
        "model": "goods.products",
        "pk": 9,
        "fields": {
            "name": "Стул офисный",
            "slug": "stul-ofisnyj",
            "description": "Описание товара, про то какой он классный, но это стул, что тут сказать...",
            "image": "goods_images/office_chair.jpg",
            "price": "30.00",
            "discount": "0.50",
            "quantity": 35,
            "category": 10
        }
    },
    {
        "model": "goods.products",
        "pk": 10,
        "fields": {
            "name": "Растение",
            "slug": "rastenie",
            "description": "Растение для украшения вашего интерьера подарит свежесть и безмятежность обстановке.",
            "image": "goods_images/plants.jpg",
            "price": "10.00",
            "discount": "0.00",
            "quantity": 17,
            "category": 12
        }
    },
    {
        "model": "goods.products",
        "pk": 11,
        "fields": {
            "name": "Цветок стилизированный",
            "slug": "cvetok-stilizirovannyj",
            "description": "Дизайнерский цветок (возможно искусственный) для украшения интерьера.",
            "image": "goods_images/flower.jpg",
            "price": "15.00",
            "discount": "0.00",
            "quantity": 17,
            "category": 12
        }
    },
    {
        "model": "goods.products",
        "pk": 12,
        "fields": {
            "name": "Прикроватный столик 2",
            "slug": "prikrovatnyj-stolik-2",
            "description": "Столик, довольно странный на вид, но подходит для размещения рядом с кроватью.",
            "image": "goods_images/strange_table.jpg",
            "price": "25.00",
            "discount": "90.00",
            "quantity": 10,
            "category": 8
        }
    }
]